time,temperature(C),humidity,note
2022/12/29 16:52:00,"12,13","75,9",""
2022/12/29 17:02:00,"12,19","76,6",""
2022/12/29 17:12:00,"12,19","76,4",""
2022/12/29 17:22:00,"12,19","77,3",""
2022/12/29 17:32:00,"12,25","79,4",""
2022/12/29 17:42:00,"12,31","80,4",""
2022/12/29 17:52:00,"12,44","82,4",""
2022/12/29 18:02:00,"12,31","78,3",""
2022/12/29 18:12:00,"12,00","79,3",""
2022/12/29 18:22:00,"12,31","83,1",""
2022/12/29 18:32:00,"12,56","84,9",""
2022/12/29 18:42:00,"12,81","85,4",""
2022/12/29 18:52:00,"12,94","85,7",""
2022/12/29 19:02:00,"13,06","85,9",""
2022/12/29 19:12:00,"13,13","86,2",""
2022/12/29 19:22:00,"13,19","86,6",""
2022/12/29 19:32:00,"13,31","86,6",""
2022/12/29 19:42:00,"13,38","86,8",""
2022/12/29 19:52:00,"13,44","86,9",""
2022/12/29 20:02:00,"13,50","87,3",""
2022/12/29 20:12:00,"13,56","87,6",""
2022/12/29 20:22:00,"13,63","87,6",""
2022/12/29 20:32:00,"13,69","88,1",""
2022/12/29 20:42:00,"13,69","88,6",""
2022/12/29 20:52:00,"13,75","88,6",""
2022/12/29 21:02:00,"13,81","88,6",""
2022/12/29 21:12:00,"13,88","88,9",""
2022/12/29 21:22:00,"13,88","89,1",""
2022/12/29 21:32:00,"13,94","89,1",""
2022/12/29 21:42:00,"14,00","89,4",""
2022/12/29 21:52:00,"14,00","89,4",""
2022/12/29 22:02:00,"14,06","89,4",""
2022/12/29 22:12:00,"14,06","89,6",""
2022/12/29 22:22:00,"14,13","89,7",""
2022/12/29 22:32:00,"14,19","89,8",""
2022/12/29 22:42:00,"14,19","89,9",""
2022/12/29 22:52:00,"14,25","90,1",""
2022/12/29 23:02:00,"14,31","90,1",""
2022/12/29 23:12:00,"14,31","90,2",""
2022/12/29 23:22:00,"14,31","90,4",""
2022/12/29 23:32:00,"14,38","90,4",""
2022/12/29 23:42:00,"14,38","90,5",""
2022/12/29 23:52:00,"14,44","90,6",""
2022/12/30 00:02:00,"14,44","90,4",""
2022/12/30 00:12:00,"14,50","91,3",""
2022/12/30 00:22:00,"14,50","91,2",""
2022/12/30 00:32:00,"14,56","91,4",""
2022/12/30 00:42:00,"14,56","91,3",""
2022/12/30 00:52:00,"14,56","91,4",""
2022/12/30 01:02:00,"14,63","91,3",""
2022/12/30 01:12:00,"14,63","91,5",""
2022/12/30 01:22:00,"14,63","91,4",""
2022/12/30 01:32:00,"14,69","91,7",""
2022/12/30 01:42:00,"14,69","91,7",""
2022/12/30 01:52:00,"14,69","91,6",""
2022/12/30 02:02:00,"14,75","91,7",""
2022/12/30 02:12:00,"14,75","91,9",""
2022/12/30 02:22:00,"14,81","91,9",""
2022/12/30 02:32:00,"14,81","91,9",""
2022/12/30 02:42:00,"14,81","91,9",""
2022/12/30 02:52:00,"14,88","92,2",""
2022/12/30 03:02:00,"14,88","92,2",""
2022/12/30 03:12:00,"14,88","92,0",""
2022/12/30 03:22:00,"14,88","92,1",""
2022/12/30 03:32:00,"14,94","92,2",""
2022/12/30 03:42:00,"14,94","92,3",""
2022/12/30 03:52:00,"14,94","92,3",""
2022/12/30 04:02:00,"15,00","92,3",""
2022/12/30 04:12:00,"15,00","92,3",""
2022/12/30 04:22:00,"15,00","92,4",""
2022/12/30 04:32:00,"15,06","92,6",""
2022/12/30 04:42:00,"15,06","92,5",""
2022/12/30 04:52:00,"15,06","92,4",""
2022/12/30 05:02:00,"15,13","92,6",""
2022/12/30 05:12:00,"15,13","92,4",""
2022/12/30 05:22:00,"15,13","92,7",""
2022/12/30 05:32:00,"15,13","92,5",""
2022/12/30 05:42:00,"15,13","92,7",""
2022/12/30 05:52:00,"15,13","92,8",""
2022/12/30 06:02:00,"15,19","92,9",""
2022/12/30 06:12:00,"15,19","92,8",""
2022/12/30 06:22:00,"15,19","92,9",""
2022/12/30 06:32:00,"15,19","92,9",""
2022/12/30 06:42:00,"15,25","92,8",""
2022/12/30 06:52:00,"15,25","93,0",""
2022/12/30 07:02:00,"15,25","93,0",""
2022/12/30 07:12:00,"15,25","92,9",""
2022/12/30 07:22:00,"15,25","93,1",""
2022/12/30 07:32:00,"15,25","93,1",""
2022/12/30 07:42:00,"15,31","92,9",""
2022/12/30 07:52:00,"15,31","93,4",""
2022/12/30 08:02:00,"15,31","93,6",""
2022/12/30 08:12:00,"15,31","93,6",""
2022/12/30 08:22:00,"15,38","93,5",""
2022/12/30 08:32:00,"15,38","93,6",""
2022/12/30 08:42:00,"15,38","93,6",""
2022/12/30 08:52:00,"15,38","93,6",""
2022/12/30 09:02:00,"15,44","93,6",""
2022/12/30 09:12:00,"15,44","93,6",""
2022/12/30 09:22:00,"15,44","93,6",""
2022/12/30 09:32:00,"15,50","93,8",""
2022/12/30 09:42:00,"13,81","81,2",""
2022/12/30 09:52:00,"13,38","89,4",""
2022/12/30 10:02:00,"13,69","89,0",""
2022/12/30 10:12:00,"13,94","90,0",""
2022/12/30 10:22:00,"14,00","89,3",""
2022/12/30 10:32:00,"14,00","88,7",""
2022/12/30 10:42:00,"13,94","87,5",""
2022/12/30 10:52:00,"13,75","86,8",""
2022/12/30 11:02:00,"13,69","87,8",""
2022/12/30 11:12:00,"13,75","87,3",""
2022/12/30 11:22:00,"13,75","87,8",""
2022/12/30 11:32:00,"13,81","87,4",""
2022/12/30 11:42:00,"13,81","87,4",""
2022/12/30 11:52:00,"13,88","88,1",""
2022/12/30 12:02:00,"13,94","87,6",""
2022/12/30 12:12:00,"13,94","87,3",""
2022/12/30 12:22:00,"14,00","87,6",""
2022/12/30 12:32:00,"13,94","86,1",""
2022/12/30 12:42:00,"13,88","86,3",""
2022/12/30 12:52:00,"13,88","86,6",""
2022/12/30 13:02:00,"13,69","85,9",""
2022/12/30 13:12:00,"13,56","85,4",""
2022/12/30 13:22:00,"12,13","75,1",""
2022/12/30 13:32:00,"11,31","76,6",""
2022/12/30 13:42:00,"10,81","80,1",""
2022/12/30 13:52:00,"11,56","84,9",""
2022/12/30 14:02:00,"12,00","83,8",""
2022/12/30 14:12:00,"12,19","83,6",""
2022/12/30 14:22:00,"12,31","83,2",""
2022/12/30 14:32:00,"12,38","82,7",""
2022/12/30 14:42:00,"12,44","83,1",""
2022/12/30 14:52:00,"12,44","83,6",""
2022/12/30 15:02:00,"12,56","84,0",""
2022/12/30 15:12:00,"12,56","83,6",""
2022/12/30 15:22:00,"12,50","82,9",""
2022/12/30 15:32:00,"12,44","82,6",""
2022/12/30 15:42:00,"12,38","82,9",""
2022/12/30 15:52:00,"12,38","82,8",""
2022/12/30 16:02:00,"12,38","83,4",""
2022/12/30 16:12:00,"12,31","82,6",""
2022/12/30 16:22:00,"12,19","81,6",""
2022/12/30 16:32:00,"12,13","82,3",""
2022/12/30 16:42:00,"12,06","80,9",""
2022/12/30 16:52:00,"12,00","82,4",""
2022/12/30 17:02:00,"11,94","81,1",""
2022/12/30 17:12:00,"11,94","81,6",""
2022/12/30 17:22:00,"11,88","82,5",""
2022/12/30 17:32:00,"11,88","81,5",""
2022/12/30 17:42:00,"11,88","81,4",""
2022/12/30 17:52:00,"11,88","81,1",""
2022/12/30 18:02:00,"11,81","81,9",""
2022/12/30 18:12:00,"11,81","82,1",""
2022/12/30 18:22:00,"11,81","81,8",""
2022/12/30 18:32:00,"11,81","81,9",""
2022/12/30 18:42:00,"11,56","82,6",""
2022/12/30 18:52:00,"11,94","85,6",""
2022/12/30 19:02:00,"12,25","86,5",""
2022/12/30 19:12:00,"12,44","87,5",""
2022/12/30 19:22:00,"12,63","87,4",""
2022/12/30 19:32:00,"12,81","88,0",""
2022/12/30 19:42:00,"12,88","88,4",""
2022/12/30 19:52:00,"13,00","88,8",""
2022/12/30 20:02:00,"13,06","89,1",""
2022/12/30 20:12:00,"13,19","89,9",""
2022/12/30 20:22:00,"13,31","90,6",""
2022/12/30 20:32:00,"13,38","90,4",""
2022/12/30 20:42:00,"13,44","90,4",""
2022/12/30 20:52:00,"13,50","90,2",""
2022/12/30 21:02:00,"13,50","90,4",""
2022/12/30 21:12:00,"13,63","90,6",""
2022/12/30 21:22:00,"13,69","91,3",""
2022/12/30 21:32:00,"13,69","91,1",""
2022/12/30 21:42:00,"13,75","91,5",""
2022/12/30 21:52:00,"13,81","91,5",""
2022/12/30 22:02:00,"13,88","91,8",""
2022/12/30 22:12:00,"13,94","91,7",""
2022/12/30 22:22:00,"13,94","91,8",""
2022/12/30 22:32:00,"14,00","91,8",""
2022/12/30 22:42:00,"14,00","92,0",""
2022/12/30 22:52:00,"14,06","91,9",""
2022/12/30 23:02:00,"14,13","92,0",""
2022/12/30 23:12:00,"14,19","92,2",""
2022/12/30 23:22:00,"14,19","92,2",""
2022/12/30 23:32:00,"14,25","92,2",""
2022/12/30 23:42:00,"14,25","92,1",""
2022/12/30 23:52:00,"14,31","92,3",""
2022/12/31 00:02:00,"14,38","92,3",""
2022/12/31 00:12:00,"14,38","92,4",""
2022/12/31 00:22:00,"14,38","92,6",""
2022/12/31 00:32:00,"14,44","92,5",""
2022/12/31 00:42:00,"14,50","92,9",""
2022/12/31 00:52:00,"14,50","92,9",""
2022/12/31 01:02:00,"14,56","93,1",""
2022/12/31 01:12:00,"14,56","93,1",""
2022/12/31 01:22:00,"14,56","93,1",""
2022/12/31 01:32:00,"14,63","93,2",""
2022/12/31 01:42:00,"14,63","93,3",""
2022/12/31 01:52:00,"14,69","93,1",""
2022/12/31 02:02:00,"14,69","93,3",""
2022/12/31 02:12:00,"14,69","93,3",""
2022/12/31 02:22:00,"14,75","93,3",""
2022/12/31 02:32:00,"14,75","93,3",""
2022/12/31 02:42:00,"14,81","93,3",""
2022/12/31 02:52:00,"14,81","93,3",""
2022/12/31 03:02:00,"14,88","93,4",""
2022/12/31 03:12:00,"14,88","93,3",""
2022/12/31 03:22:00,"14,88","93,5",""
2022/12/31 03:32:00,"14,88","93,4",""
2022/12/31 03:42:00,"14,94","93,5",""
2022/12/31 03:52:00,"14,94","93,6",""
2022/12/31 04:02:00,"15,00","93,6",""
2022/12/31 04:12:00,"15,00","93,6",""
2022/12/31 04:22:00,"15,00","93,5",""
2022/12/31 04:32:00,"15,06","93,5",""
2022/12/31 04:42:00,"15,06","93,7",""
2022/12/31 04:52:00,"15,06","93,7",""
2022/12/31 05:02:00,"15,13","93,6",""
2022/12/31 05:12:00,"15,13","93,6",""
2022/12/31 05:22:00,"15,13","93,6",""
2022/12/31 05:32:00,"15,19","93,7",""
2022/12/31 05:42:00,"15,19","93,8",""
2022/12/31 05:52:00,"15,19","93,8",""
2022/12/31 06:02:00,"15,19","93,8",""
2022/12/31 06:12:00,"15,25","93,8",""
2022/12/31 06:22:00,"15,25","93,8",""
2022/12/31 06:32:00,"15,25","93,8",""
2022/12/31 06:42:00,"15,31","93,8",""
2022/12/31 06:52:00,"15,31","93,9",""
2022/12/31 07:02:00,"15,31","94,3",""
2022/12/31 07:12:00,"15,31","94,3",""
2022/12/31 07:22:00,"15,38","94,2",""
2022/12/31 07:32:00,"15,38","94,4",""
2022/12/31 07:42:00,"15,38","94,3",""
2022/12/31 07:52:00,"15,38","94,4",""
2022/12/31 08:02:00,"15,44","94,4",""
2022/12/31 08:12:00,"15,44","94,4",""
2022/12/31 08:22:00,"15,44","94,4",""
2022/12/31 08:32:00,"15,44","94,4",""
2022/12/31 08:42:00,"15,50","94,4",""
2022/12/31 08:52:00,"15,50","94,6",""
2022/12/31 09:02:00,"15,50","94,6",""
2022/12/31 09:12:00,"15,50","94,4",""
2022/12/31 09:22:00,"15,56","94,4",""
2022/12/31 09:32:00,"15,56","94,6",""
2022/12/31 09:42:00,"15,63","94,6",""
2022/12/31 09:52:00,"15,63","94,6",""
2022/12/31 10:02:00,"15,63","94,6",""
2022/12/31 10:12:00,"15,69","94,5",""
2022/12/31 10:22:00,"15,75","94,6",""
2022/12/31 10:32:00,"15,75","94,5",""
2022/12/31 10:42:00,"15,75","86,6",""
2022/12/31 10:52:00,"15,38","82,6",""
2022/12/31 11:02:00,"15,25","81,8",""
2022/12/31 11:12:00,"15,19","85,6",""
2022/12/31 11:22:00,"15,25","89,3",""
2022/12/31 11:32:00,"15,31","90,9",""
2022/12/31 11:42:00,"15,38","91,9",""
2022/12/31 11:52:00,"15,44","92,3",""
2022/12/31 12:02:00,"15,50","92,3",""
2022/12/31 12:12:00,"15,63","92,8",""
2022/12/31 12:22:00,"15,69","92,9",""
2022/12/31 12:32:00,"15,75","93,1",""
2022/12/31 12:42:00,"15,81","93,2",""
2022/12/31 12:52:00,"15,88","93,1",""
2022/12/31 13:02:00,"15,94","93,4",""
2022/12/31 13:12:00,"16,00","93,3",""
2022/12/31 13:22:00,"16,06","93,3",""
2022/12/31 13:32:00,"16,06","93,4",""
2022/12/31 13:42:00,"16,13","93,4",""
2022/12/31 13:52:00,"16,13","93,4",""
2022/12/31 14:02:00,"16,19","93,6",""
2022/12/31 14:12:00,"16,19","93,6",""
2022/12/31 14:22:00,"16,19","93,8",""
2022/12/31 14:32:00,"16,19","93,8",""
2022/12/31 14:42:00,"16,19","93,8",""
2022/12/31 14:52:00,"16,19","94,3",""
2022/12/31 15:02:00,"16,19","94,4",""
2022/12/31 15:12:00,"16,19","94,3",""
2022/12/31 15:22:00,"16,19","94,4",""
2022/12/31 15:32:00,"16,25","94,6",""
2022/12/31 15:42:00,"16,19","87,3",""
2022/12/31 15:52:00,"15,88","80,8",""
2022/12/31 16:02:00,"15,69","80,4",""
2022/12/31 16:12:00,"15,56","80,7",""
2022/12/31 16:22:00,"15,50","87,4",""
2022/12/31 16:32:00,"15,56","89,8",""
2022/12/31 16:42:00,"15,63","91,1",""
2022/12/31 16:52:00,"15,69","91,6",""
2022/12/31 17:02:00,"15,75","92,1",""
2022/12/31 17:12:00,"15,81","92,5",""
2022/12/31 17:22:00,"15,81","92,7",""
2022/12/31 17:32:00,"15,88","92,4",""
2022/12/31 17:42:00,"15,88","93,1",""
2022/12/31 17:52:00,"15,94","93,1",""
2022/12/31 18:02:00,"15,94","93,1",""
2022/12/31 18:12:00,"15,94","93,4",""
2022/12/31 18:22:00,"15,94","93,5",""
2022/12/31 18:32:00,"15,63","83,6",""
2022/12/31 18:42:00,"15,06","80,5",""
2022/12/31 18:52:00,"14,88","85,4",""
2022/12/31 19:02:00,"15,06","89,3",""
2022/12/31 19:12:00,"15,25","90,8",""
2022/12/31 19:22:00,"15,38","92,1",""
2022/12/31 19:32:00,"15,44","92,4",""
2022/12/31 19:42:00,"15,50","92,6",""
2022/12/31 19:52:00,"15,56","92,8",""
2022/12/31 20:02:00,"15,63","92,9",""
2022/12/31 20:12:00,"15,63","93,0",""
2022/12/31 20:22:00,"15,69","93,1",""
2022/12/31 20:32:00,"15,69","93,3",""
2022/12/31 20:42:00,"15,75","93,4",""
2022/12/31 20:52:00,"15,81","93,4",""
2022/12/31 21:02:00,"15,81","93,5",""
2022/12/31 21:12:00,"15,81","93,6",""
2022/12/31 21:22:00,"15,88","93,8",""
2022/12/31 21:32:00,"15,94","93,9",""
2022/12/31 21:42:00,"15,94","93,9",""
2022/12/31 21:52:00,"15,94","93,9",""
2022/12/31 22:02:00,"15,94","94,0",""
2022/12/31 22:12:00,"16,00","94,1",""
2022/12/31 22:22:00,"16,00","94,1",""
2022/12/31 22:32:00,"16,00","94,1",""
2022/12/31 22:42:00,"16,00","94,2",""
2022/12/31 22:52:00,"16,06","94,3",""
2022/12/31 23:02:00,"16,06","94,2",""
2022/12/31 23:12:00,"16,06","94,4",""
2022/12/31 23:22:00,"16,06","94,4",""
2022/12/31 23:32:00,"16,06","94,4",""
2022/12/31 23:42:00,"16,13","94,5",""
2022/12/31 23:52:00,"16,13","94,6",""
2023/01/01 00:02:00,"16,13","94,7",""
2023/01/01 00:12:00,"16,13","94,7",""
2023/01/01 00:22:00,"16,13","94,6",""
2023/01/01 00:32:00,"16,19","94,7",""
2023/01/01 00:42:00,"16,19","94,7",""
2023/01/01 00:52:00,"16,19","95,2",""
2023/01/01 01:02:00,"16,19","95,1",""
2023/01/01 01:12:00,"16,19","95,3",""
2023/01/01 01:22:00,"16,19","95,3",""
2023/01/01 01:32:00,"16,19","95,2",""
2023/01/01 01:42:00,"16,25","95,1",""
2023/01/01 01:52:00,"16,25","95,3",""
2023/01/01 02:02:00,"16,25","95,3",""
2023/01/01 02:12:00,"16,25","95,4",""
2023/01/01 02:22:00,"16,25","95,3",""
2023/01/01 02:32:00,"16,25","95,5",""
2023/01/01 02:42:00,"16,31","95,4",""
2023/01/01 02:52:00,"16,31","95,3",""
2023/01/01 03:02:00,"16,31","95,5",""
2023/01/01 03:12:00,"16,31","95,4",""
2023/01/01 03:22:00,"16,31","95,3",""
2023/01/01 03:32:00,"16,31","95,6",""
2023/01/01 03:42:00,"16,31","95,6",""
2023/01/01 03:52:00,"16,31","95,6",""
2023/01/01 04:02:00,"16,31","95,6",""
2023/01/01 04:12:00,"16,31","95,6",""
2023/01/01 04:22:00,"16,31","95,5",""
2023/01/01 04:32:00,"16,31","95,6",""
2023/01/01 04:42:00,"16,38","95,7",""
2023/01/01 04:52:00,"16,38","95,6",""
2023/01/01 05:02:00,"16,38","95,6",""
2023/01/01 05:12:00,"16,38","95,6",""
2023/01/01 05:22:00,"16,38","95,6",""
2023/01/01 05:32:00,"16,38","95,7",""
2023/01/01 05:42:00,"16,38","95,7",""
2023/01/01 05:52:00,"16,38","95,8",""
2023/01/01 06:02:00,"16,38","95,8",""
2023/01/01 06:12:00,"16,44","95,9",""
2023/01/01 06:22:00,"16,38","95,8",""
2023/01/01 06:32:00,"16,44","95,8",""
2023/01/01 06:42:00,"16,44","95,8",""
2023/01/01 06:52:00,"16,44","95,6",""
2023/01/01 07:02:00,"16,44","95,9",""
2023/01/01 07:12:00,"16,44","95,8",""
2023/01/01 07:22:00,"16,44","95,9",""
2023/01/01 07:32:00,"16,44","95,9",""
2023/01/01 07:42:00,"16,44","95,9",""
2023/01/01 07:52:00,"16,44","95,9",""
2023/01/01 08:02:00,"16,44","96,0",""
2023/01/01 08:12:00,"16,44","95,9",""
2023/01/01 08:22:00,"16,44","96,0",""
2023/01/01 08:32:00,"16,50","96,0",""
2023/01/01 08:42:00,"16,50","96,0",""
2023/01/01 08:52:00,"16,50","95,9",""
2023/01/01 09:02:00,"16,50","96,0",""
2023/01/01 09:12:00,"16,50","96,1",""
2023/01/01 09:22:00,"16,50","95,9",""
2023/01/01 09:32:00,"16,56","96,1",""
2023/01/01 09:42:00,"16,56","96,1",""
2023/01/01 09:52:00,"16,56","96,2",""
2023/01/01 10:02:00,"16,63","96,0",""
2023/01/01 10:12:00,"16,63","96,0",""
2023/01/01 10:22:00,"16,69","96,1",""
2023/01/01 10:32:00,"16,69","96,0",""
2023/01/01 10:42:00,"16,75","96,1",""
2023/01/01 10:52:00,"16,75","96,0",""
2023/01/01 11:02:00,"16,81","95,9",""
2023/01/01 11:12:00,"16,81","96,0",""
2023/01/01 11:22:00,"16,81","95,8",""
2023/01/01 11:32:00,"16,88","96,0",""
2023/01/01 11:42:00,"16,88","96,1",""
2023/01/01 11:52:00,"16,94","95,9",""
2023/01/01 12:02:00,"16,06","78,9",""
2023/01/01 12:12:00,"15,38","78,9",""
2023/01/01 12:22:00,"15,13","78,3",""
2023/01/01 12:32:00,"15,06","75,6",""
2023/01/01 12:42:00,"15,06","83,3",""
2023/01/01 12:52:00,"15,31","87,8",""
2023/01/01 13:02:00,"15,56","89,9",""
2023/01/01 13:12:00,"15,75","90,8",""
2023/01/01 13:22:00,"15,88","91,4",""
2023/01/01 13:32:00,"16,00","91,7",""
2023/01/01 13:42:00,"16,13","92,0",""
2023/01/01 13:52:00,"16,19","92,6",""
2023/01/01 14:02:00,"16,31","92,7",""
2023/01/01 14:12:00,"16,38","92,8",""
2023/01/01 14:22:00,"16,44","93,1",""
2023/01/01 14:32:00,"16,50","93,4",""
2023/01/01 14:42:00,"16,56","93,4",""
2023/01/01 14:52:00,"16,56","93,6",""
2023/01/01 15:02:00,"16,56","93,8",""
2023/01/01 15:12:00,"16,63","94,1",""
2023/01/01 15:22:00,"16,63","93,9",""
2023/01/01 15:32:00,"16,69","94,1",""
2023/01/01 15:42:00,"16,69","94,1",""
2023/01/01 15:52:00,"16,69","94,3",""
2023/01/01 16:02:00,"16,69","94,5",""
2023/01/01 16:12:00,"16,69","94,4",""
2023/01/01 16:22:00,"16,69","94,4",""
2023/01/01 16:32:00,"16,63","86,4",""
2023/01/01 16:42:00,"16,06","82,8",""
2023/01/01 16:52:00,"16,00","89,1",""
2023/01/01 17:02:00,"16,13","91,6",""
2023/01/01 17:12:00,"16,25","93,1",""
2023/01/01 17:22:00,"16,31","93,8",""
2023/01/01 17:32:00,"16,38","93,9",""
2023/01/01 17:42:00,"16,38","94,1",""
2023/01/01 17:52:00,"16,44","94,3",""
2023/01/01 18:02:00,"16,44","94,3",""
2023/01/01 18:12:00,"16,44","94,4",""
2023/01/01 18:22:00,"16,50","94,6",""
2023/01/01 18:32:00,"16,50","94,8",""
2023/01/01 18:42:00,"16,50","94,6",""
2023/01/01 18:52:00,"16,50","95,0",""
2023/01/01 19:02:00,"16,56","94,8",""
2023/01/01 19:12:00,"16,56","95,0",""
2023/01/01 19:22:00,"16,56","95,1",""
2023/01/01 19:32:00,"16,56","95,1",""
2023/01/01 19:42:00,"16,56","95,1",""
2023/01/01 19:52:00,"15,13","77,1",""
2023/01/01 20:02:00,"14,31","73,4",""
2023/01/01 20:12:00,"14,56","86,6",""
2023/01/01 20:22:00,"14,94","89,8",""
2023/01/01 20:32:00,"15,25","90,5",""
2023/01/01 20:42:00,"15,44","91,9",""
2023/01/01 20:52:00,"15,56","92,1",""
2023/01/01 21:02:00,"15,63","92,2",""
2023/01/01 21:12:00,"15,75","93,2",""
2023/01/01 21:22:00,"15,81","92,8",""
2023/01/01 21:32:00,"15,88","93,4",""
2023/01/01 21:42:00,"15,88","93,6",""
2023/01/01 21:52:00,"15,94","93,3",""
2023/01/01 22:02:00,"16,00","93,5",""
2023/01/01 22:12:00,"16,00","93,7",""
2023/01/01 22:22:00,"16,06","93,5",""
2023/01/01 22:32:00,"16,06","94,0",""
2023/01/01 22:42:00,"16,06","93,8",""
2023/01/01 22:52:00,"16,13","94,0",""
2023/01/01 23:02:00,"16,13","94,4",""
2023/01/01 23:12:00,"16,19","94,4",""
2023/01/01 23:22:00,"16,19","94,5",""
2023/01/01 23:32:00,"16,19","94,8",""
2023/01/01 23:42:00,"16,25","94,9",""
2023/01/01 23:52:00,"16,25","94,9",""
2023/01/02 00:02:00,"16,25","95,2",""
2023/01/02 00:12:00,"16,25","95,1",""
2023/01/02 00:22:00,"16,31","94,9",""
2023/01/02 00:32:00,"16,31","95,2",""
2023/01/02 00:42:00,"16,31","95,3",""
2023/01/02 00:52:00,"16,31","95,1",""
2023/01/02 01:02:00,"16,31","95,1",""
2023/01/02 01:12:00,"16,38","95,4",""
2023/01/02 01:22:00,"16,38","95,2",""
2023/01/02 01:32:00,"16,44","95,4",""
2023/01/02 01:42:00,"16,44","95,4",""
2023/01/02 01:52:00,"16,44","95,5",""
2023/01/02 02:02:00,"16,44","95,4",""
2023/01/02 02:12:00,"16,44","95,5",""
2023/01/02 02:22:00,"16,44","95,8",""
2023/01/02 02:32:00,"16,50","95,6",""
2023/01/02 02:42:00,"16,50","95,6",""
2023/01/02 02:52:00,"16,50","95,8",""
2023/01/02 03:02:00,"16,50","95,9",""
2023/01/02 03:12:00,"16,50","95,9",""
2023/01/02 03:22:00,"16,56","95,9",""
2023/01/02 03:32:00,"16,56","95,9",""
2023/01/02 03:42:00,"16,56","95,7",""
2023/01/02 03:52:00,"16,56","95,9",""
2023/01/02 04:02:00,"16,56","96,0",""
2023/01/02 04:12:00,"16,56","95,9",""
2023/01/02 04:22:00,"16,56","95,9",""
2023/01/02 04:32:00,"16,56","96,1",""
2023/01/02 04:42:00,"16,63","95,9",""
2023/01/02 04:52:00,"16,63","96,0",""
2023/01/02 05:02:00,"16,63","96,1",""
2023/01/02 05:12:00,"16,63","96,1",""
2023/01/02 05:22:00,"16,69","96,1",""
2023/01/02 05:32:00,"16,63","96,2",""
2023/01/02 05:42:00,"16,69","96,0",""
2023/01/02 05:52:00,"16,69","96,1",""
2023/01/02 06:02:00,"16,69","96,1",""
2023/01/02 06:12:00,"16,69","96,3",""
2023/01/02 06:22:00,"16,69","96,3",""
2023/01/02 06:32:00,"16,69","96,3",""
2023/01/02 06:42:00,"16,69","96,4",""
2023/01/02 06:52:00,"16,69","96,4",""
2023/01/02 07:02:00,"16,69","96,3",""
2023/01/02 07:12:00,"16,69","96,4",""
2023/01/02 07:22:00,"16,75","96,5",""
2023/01/02 07:32:00,"16,75","96,4",""
2023/01/02 07:42:00,"16,75","96,5",""
2023/01/02 07:52:00,"16,75","96,4",""
2023/01/02 08:02:00,"16,75","96,5",""
2023/01/02 08:12:00,"16,75","96,5",""
2023/01/02 08:22:00,"16,75","96,5",""
2023/01/02 08:32:00,"16,75","96,6",""
2023/01/02 08:42:00,"16,75","96,4",""
2023/01/02 08:52:00,"16,81","96,5",""
2023/01/02 09:02:00,"16,81","96,7",""
2023/01/02 09:12:00,"16,81","96,7",""
2023/01/02 09:22:00,"16,81","96,6",""
2023/01/02 09:32:00,"16,81","96,7",""
2023/01/02 09:42:00,"16,81","96,6",""
2023/01/02 09:52:00,"16,88","96,6",""
2023/01/02 10:02:00,"16,88","96,6",""
2023/01/02 10:12:00,"16,88","96,8",""
2023/01/02 10:22:00,"15,75","82,0",""
2023/01/02 10:32:00,"14,75","84,8",""
2023/01/02 10:42:00,"15,06","92,2",""
2023/01/02 10:52:00,"15,44","93,8",""
2023/01/02 11:02:00,"15,75","94,6",""
2023/01/02 11:12:00,"15,94","94,9",""
2023/01/02 11:22:00,"16,06","95,1",""
2023/01/02 11:32:00,"16,19","95,2",""
2023/01/02 11:42:00,"16,31","95,7",""
2023/01/02 11:52:00,"16,38","95,8",""
2023/01/02 12:02:00,"16,44","95,8",""
2023/01/02 12:12:00,"16,56","95,9",""
2023/01/02 12:22:00,"16,63","95,9",""
2023/01/02 12:32:00,"16,63","95,9",""
2023/01/02 12:42:00,"16,69","96,1",""
2023/01/02 12:52:00,"16,75","96,0",""
2023/01/02 13:02:00,"16,75","96,1",""
2023/01/02 13:12:00,"16,19","81,9",""
2023/01/02 13:22:00,"15,50","77,3",""
2023/01/02 13:32:00,"15,19","72,8",""
2023/01/02 13:42:00,"15,13","71,4",""
2023/01/02 13:52:00,"14,94","68,1",""
2023/01/02 14:02:00,"14,88","73,7",""
2023/01/02 14:12:00,"15,00","80,5",""
2023/01/02 14:22:00,"15,19","84,0",""
2023/01/02 14:32:00,"15,31","86,3",""
2023/01/02 14:42:00,"15,44","88,1",""
2023/01/02 14:52:00,"15,50","89,1",""
2023/01/02 15:02:00,"15,63","89,8",""
2023/01/02 15:12:00,"15,69","90,7",""
2023/01/02 15:22:00,"15,75","91,1",""
2023/01/02 15:32:00,"15,81","91,4",""
2023/01/02 15:42:00,"15,94","92,0",""
2023/01/02 15:52:00,"15,94","92,3",""
2023/01/02 16:02:00,"16,00","92,7",""
2023/01/02 16:12:00,"16,06","92,8",""
2023/01/02 16:22:00,"16,13","93,2",""
2023/01/02 16:32:00,"16,19","93,2",""
2023/01/02 16:42:00,"16,19","93,8",""
2023/01/02 16:52:00,"16,25","94,1",""
2023/01/02 17:02:00,"16,25","90,1",""
2023/01/02 17:12:00,"14,06","75,1",""
2023/01/02 17:22:00,"13,69","84,0",""
2023/01/02 17:32:00,"14,25","88,1",""
2023/01/02 17:42:00,"14,69","90,1",""
2023/01/02 17:52:00,"15,00","91,2",""
2023/01/02 18:02:00,"15,19","91,0",""
2023/01/02 18:12:00,"15,38","92,0",""
2023/01/02 18:22:00,"15,50","92,6",""
2023/01/02 18:32:00,"15,63","93,1",""
2023/01/02 18:42:00,"15,69","93,0",""
2023/01/02 18:52:00,"15,75","92,9",""
2023/01/02 19:02:00,"15,81","93,4",""
2023/01/02 19:12:00,"15,88","93,5",""
2023/01/02 19:22:00,"15,94","93,8",""
2023/01/02 19:32:00,"16,00","93,9",""
2023/01/02 19:42:00,"16,06","94,1",""
2023/01/02 19:52:00,"16,06","94,3",""
2023/01/02 20:02:00,"16,13","94,4",""
2023/01/02 20:12:00,"16,19","94,6",""
2023/01/02 20:22:00,"16,25","95,1",""
2023/01/02 20:32:00,"16,25","95,2",""
2023/01/02 20:42:00,"16,31","95,2",""
2023/01/02 20:52:00,"16,31","95,4",""
2023/01/02 21:02:00,"16,38","95,4",""
2023/01/02 21:12:00,"16,44","95,3",""
2023/01/02 21:22:00,"16,44","95,6",""
2023/01/02 21:32:00,"16,50","95,5",""
2023/01/02 21:42:00,"16,50","95,8",""
2023/01/02 21:52:00,"16,56","95,8",""
2023/01/02 22:02:00,"16,56","95,9",""
2023/01/02 22:12:00,"16,63","95,7",""
2023/01/02 22:22:00,"16,63","95,8",""
2023/01/02 22:32:00,"16,63","95,9",""
2023/01/02 22:42:00,"16,69","95,9",""
2023/01/02 22:52:00,"16,69","95,9",""
2023/01/02 23:02:00,"16,69","95,9",""
2023/01/02 23:12:00,"16,75","95,9",""
2023/01/02 23:22:00,"16,75","96,1",""
2023/01/02 23:32:00,"16,75","96,3",""
2023/01/02 23:42:00,"16,81","96,4",""
2023/01/02 23:52:00,"16,81","96,4",""
2023/01/03 00:02:00,"16,81","96,5",""
2023/01/03 00:12:00,"16,88","96,4",""
2023/01/03 00:22:00,"16,88","96,4",""
2023/01/03 00:32:00,"16,88","96,5",""
2023/01/03 00:42:00,"16,94","96,6",""
2023/01/03 00:52:00,"16,94","96,5",""
2023/01/03 01:02:00,"16,94","96,6",""
2023/01/03 01:12:00,"16,94","96,7",""
2023/01/03 01:22:00,"16,94","96,7",""
2023/01/03 01:32:00,"17,00","96,7",""
2023/01/03 01:42:00,"17,00","96,6",""
2023/01/03 01:52:00,"17,00","96,5",""
2023/01/03 02:02:00,"17,00","96,8",""
2023/01/03 02:12:00,"17,06","97,2",""
2023/01/03 02:22:00,"17,06","97,1",""
2023/01/03 02:32:00,"17,06","97,2",""
2023/01/03 02:42:00,"17,06","97,1",""
2023/01/03 02:52:00,"17,06","97,1",""
2023/01/03 03:02:00,"17,13","97,1",""
2023/01/03 03:12:00,"17,13","97,2",""
2023/01/03 03:22:00,"17,13","97,3",""
2023/01/03 03:32:00,"17,19","97,3",""
2023/01/03 03:42:00,"17,19","97,3",""
2023/01/03 03:52:00,"17,19","97,4",""
2023/01/03 04:02:00,"17,19","97,3",""
2023/01/03 04:12:00,"17,19","97,3",""
2023/01/03 04:22:00,"17,19","97,4",""
2023/01/03 04:32:00,"17,25","97,4",""
2023/01/03 04:42:00,"17,25","97,4",""
2023/01/03 04:52:00,"17,25","97,6",""
2023/01/03 05:02:00,"17,25","97,6",""
2023/01/03 05:12:00,"17,31","97,6",""
2023/01/03 05:22:00,"17,31","97,5",""
2023/01/03 05:32:00,"17,31","97,6",""
2023/01/03 05:42:00,"17,31","97,6",""
2023/01/03 05:52:00,"17,31","97,8",""
2023/01/03 06:02:00,"17,31","97,6",""
2023/01/03 06:12:00,"17,38","97,7",""
2023/01/03 06:22:00,"17,38","97,6",""
2023/01/03 06:32:00,"17,38","97,8",""
2023/01/03 06:42:00,"17,38","97,8",""
2023/01/03 06:52:00,"17,38","97,8",""
2023/01/03 07:02:00,"17,44","97,9",""
2023/01/03 07:12:00,"17,44","97,9",""
2023/01/03 07:22:00,"17,44","97,8",""
2023/01/03 07:32:00,"17,44","97,9",""
2023/01/03 07:42:00,"17,44","97,9",""
2023/01/03 07:52:00,"17,44","97,9",""
2023/01/03 08:02:00,"17,50","97,8",""
2023/01/03 08:12:00,"17,50","97,8",""
2023/01/03 08:22:00,"17,50","97,9",""
2023/01/03 08:32:00,"17,50","97,8",""
2023/01/03 08:42:00,"17,50","98,0",""
2023/01/03 08:52:00,"17,56","97,9",""
2023/01/03 09:02:00,"17,56","97,9",""
2023/01/03 09:12:00,"17,56","98,0",""
2023/01/03 09:22:00,"17,63","97,9",""
2023/01/03 09:32:00,"17,63","95,6",""
2023/01/03 09:42:00,"16,06","89,7",""
2023/01/03 09:52:00,"15,06","89,9",""
2023/01/03 10:02:00,"14,00","84,4",""
2023/01/03 10:12:00,"13,38","88,4",""
2023/01/03 10:22:00,"13,38","88,7",""
2023/01/03 10:32:00,"13,75","93,5",""
2023/01/03 10:42:00,"14,50","95,3",""
2023/01/03 10:52:00,"15,06","95,6",""
2023/01/03 11:02:00,"15,44","96,1",""
2023/01/03 11:12:00,"15,63","96,1",""
2023/01/03 11:22:00,"15,81","96,1",""
2023/01/03 11:32:00,"16,00","96,1",""
2023/01/03 11:42:00,"16,13","96,2",""
2023/01/03 11:52:00,"16,25","96,7",""
2023/01/03 12:02:00,"16,44","96,5",""
2023/01/03 12:12:00,"16,50","96,6",""
2023/01/03 12:22:00,"16,69","96,8",""
2023/01/03 12:32:00,"16,88","96,9",""
2023/01/03 12:42:00,"15,81","86,6",""
2023/01/03 12:52:00,"15,00","79,4",""
2023/01/03 13:02:00,"14,56","84,1",""
2023/01/03 13:12:00,"13,81","78,9",""
2023/01/03 13:22:00,"14,19","88,6",""
2023/01/03 13:32:00,"14,88","91,4",""
2023/01/03 13:42:00,"15,44","92,7",""
2023/01/03 13:52:00,"15,81","93,4",""
2023/01/03 14:02:00,"16,13","93,6",""
2023/01/03 14:12:00,"16,38","94,1",""
2023/01/03 14:22:00,"16,56","94,4",""
2023/01/03 14:32:00,"16,69","94,6",""
2023/01/03 14:42:00,"16,81","94,8",""
2023/01/03 14:52:00,"16,94","94,8",""
2023/01/03 15:02:00,"17,00","95,3",""
2023/01/03 15:12:00,"17,06","95,9",""
2023/01/03 15:22:00,"17,06","95,9",""
2023/01/03 15:32:00,"17,13","96,1",""
2023/01/03 15:42:00,"17,19","96,3",""
2023/01/03 15:52:00,"17,19","96,4",""
2023/01/03 16:02:00,"17,25","96,3",""
2023/01/03 16:12:00,"17,25","96,6",""
2023/01/03 16:22:00,"17,31","96,6",""
2023/01/03 16:32:00,"17,31","96,8",""
2023/01/03 16:42:00,"16,94","87,9",""
2023/01/03 16:52:00,"15,50","85,6",""
2023/01/03 17:02:00,"14,63","84,4",""
2023/01/03 17:12:00,"14,94","91,8",""
2023/01/03 17:22:00,"15,50","93,6",""
2023/01/03 17:32:00,"15,88","94,3",""
2023/01/03 17:42:00,"16,13","94,4",""
2023/01/03 17:52:00,"16,31","95,0",""
2023/01/03 18:02:00,"16,38","95,4",""
2023/01/03 18:12:00,"16,50","95,4",""
2023/01/03 18:22:00,"16,56","95,6",""
2023/01/03 18:32:00,"16,63","95,6",""
2023/01/03 18:42:00,"16,69","95,8",""
2023/01/03 18:52:00,"16,75","95,9",""
2023/01/03 19:02:00,"16,81","95,9",""
2023/01/03 19:12:00,"16,88","95,9",""
2023/01/03 19:22:00,"16,94","96,1",""
2023/01/03 19:32:00,"16,94","96,1",""
2023/01/03 19:42:00,"17,00","96,3",""
2023/01/03 19:52:00,"17,06","96,6",""
2023/01/03 20:02:00,"17,06","96,8",""
2023/01/03 20:12:00,"17,13","97,1",""
2023/01/03 20:22:00,"17,13","96,8",""
2023/01/03 20:32:00,"17,19","97,1",""
2023/01/03 20:42:00,"17,19","95,9",""
2023/01/03 20:52:00,"15,56","85,4",""
2023/01/03 21:02:00,"14,31","85,9",""
2023/01/03 21:12:00,"13,69","84,9",""
2023/01/03 21:22:00,"13,13","82,9",""
2023/01/03 21:32:00,"12,88","86,9",""
2023/01/03 21:42:00,"13,69","92,1",""
2023/01/03 21:52:00,"14,38","93,0",""
2023/01/03 22:02:00,"14,88","93,6",""
2023/01/03 22:12:00,"15,13","93,9",""
2023/01/03 22:22:00,"15,38","94,7",""
2023/01/03 22:32:00,"15,50","94,8",""
2023/01/03 22:42:00,"15,69","94,9",""
2023/01/03 22:52:00,"15,81","94,9",""
2023/01/03 23:02:00,"15,88","95,1",""
2023/01/03 23:12:00,"16,00","95,3",""
2023/01/03 23:22:00,"16,06","95,2",""
2023/01/03 23:32:00,"16,19","95,5",""
2023/01/03 23:42:00,"16,25","96,1",""
2023/01/03 23:52:00,"16,31","96,0",""
2023/01/04 00:02:00,"16,44","96,3",""
2023/01/04 00:12:00,"16,50","96,3",""
2023/01/04 00:22:00,"16,56","96,1",""
2023/01/04 00:32:00,"16,63","96,6",""
2023/01/04 00:42:00,"16,69","96,4",""
2023/01/04 00:52:00,"16,69","96,6",""
2023/01/04 01:02:00,"16,75","96,4",""
2023/01/04 01:12:00,"16,81","96,8",""
2023/01/04 01:22:00,"16,88","96,8",""
2023/01/04 01:32:00,"16,88","96,8",""
2023/01/04 01:42:00,"16,94","96,8",""
2023/01/04 01:52:00,"17,00","96,8",""
2023/01/04 02:02:00,"17,00","96,9",""
2023/01/04 02:12:00,"17,06","97,4",""
2023/01/04 02:22:00,"17,13","97,4",""
2023/01/04 02:32:00,"17,13","97,4",""
2023/01/04 02:42:00,"17,19","97,4",""
2023/01/04 02:52:00,"17,19","97,4",""
2023/01/04 03:02:00,"17,25","97,6",""
2023/01/04 03:12:00,"17,25","97,6",""
2023/01/04 03:22:00,"17,31","97,5",""
2023/01/04 03:32:00,"17,31","97,6",""
2023/01/04 03:42:00,"17,38","97,7",""
2023/01/04 03:52:00,"17,44","97,7",""
2023/01/04 04:02:00,"17,44","97,6",""
2023/01/04 04:12:00,"17,44","97,8",""
2023/01/04 04:22:00,"17,50","97,8",""
2023/01/04 04:32:00,"17,50","97,8",""
2023/01/04 04:42:00,"17,56","97,8",""
2023/01/04 04:52:00,"17,56","97,9",""
2023/01/04 05:02:00,"17,56","97,8",""
2023/01/04 05:12:00,"17,63","98,0",""
2023/01/04 05:22:00,"17,63","97,9",""
2023/01/04 05:32:00,"17,69","97,9",""
2023/01/04 05:42:00,"17,69","98,0",""
2023/01/04 05:52:00,"17,69","98,0",""
2023/01/04 06:02:00,"17,75","98,1",""
2023/01/04 06:12:00,"17,75","98,0",""
2023/01/04 06:22:00,"17,81","98,1",""
2023/01/04 06:32:00,"17,81","98,1",""
2023/01/04 06:42:00,"17,81","98,2",""
2023/01/04 06:52:00,"17,88","98,1",""
2023/01/04 07:02:00,"17,88","98,5",""
2023/01/04 07:12:00,"17,94","98,6",""
2023/01/04 07:22:00,"17,94","98,8",""
2023/01/04 07:32:00,"17,94","98,4",""
2023/01/04 07:42:00,"18,00","98,5",""
2023/01/04 07:52:00,"18,00","98,5",""
2023/01/04 08:02:00,"18,00","98,5",""
2023/01/04 08:12:00,"18,00","98,8",""
2023/01/04 08:22:00,"18,06","98,5",""
2023/01/04 08:32:00,"18,06","98,5",""
2023/01/04 08:42:00,"18,13","98,5",""
2023/01/04 08:52:00,"18,13","98,6",""
2023/01/04 09:02:00,"18,13","98,6",""
2023/01/04 09:12:00,"18,13","98,8",""
2023/01/04 09:22:00,"18,19","98,6",""
2023/01/04 09:32:00,"18,19","98,7",""
2023/01/04 09:42:00,"18,19","98,7",""
2023/01/04 09:52:00,"18,25","98,8",""
2023/01/04 10:02:00,"18,25","98,6",""
2023/01/04 10:12:00,"18,25","98,7",""
2023/01/04 10:22:00,"18,31","98,8",""
2023/01/04 10:32:00,"18,31","98,7",""
2023/01/04 10:42:00,"18,38","98,7",""
2023/01/04 10:52:00,"18,38","98,6",""
2023/01/04 11:02:00,"18,38","98,6",""
2023/01/04 11:12:00,"18,38","98,8",""
2023/01/04 11:22:00,"18,44","98,8",""
2023/01/04 11:32:00,"17,25","82,7",""
2023/01/04 11:42:00,"12,50","71,9",""
2023/01/04 11:52:00,"11,13","74,4",""
2023/01/04 12:02:00,"10,56","75,7",""
2023/01/04 12:12:00,"10,38","80,3",""
2023/01/04 12:22:00,"11,94","90,6",""
2023/01/04 12:32:00,"13,25","92,3",""
2023/01/04 12:42:00,"14,13","93,4",""
2023/01/04 12:52:00,"14,69","94,3",""
2023/01/04 13:02:00,"15,13","94,5",""
2023/01/04 13:12:00,"15,44","95,1",""
2023/01/04 13:22:00,"15,69","95,5",""
2023/01/04 13:32:00,"15,88","95,8",""
2023/01/04 13:42:00,"16,06","96,1",""
2023/01/04 13:52:00,"16,25","96,4",""
2023/01/04 14:02:00,"16,38","96,6",""
2023/01/04 14:12:00,"16,50","96,8",""
2023/01/04 14:22:00,"16,63","96,8",""
2023/01/04 14:32:00,"16,75","97,1",""
2023/01/04 14:42:00,"16,88","97,3",""
2023/01/04 14:52:00,"17,00","97,3",""
2023/01/04 15:02:00,"17,06","97,6",""
2023/01/04 15:12:00,"17,13","97,8",""
2023/01/04 15:22:00,"17,19","97,8",""
2023/01/04 15:32:00,"17,31","97,8",""
2023/01/04 15:42:00,"17,31","97,8",""
2023/01/04 15:52:00,"17,38","97,8",""
2023/01/04 16:02:00,"17,44","97,8",""
2023/01/04 16:12:00,"17,56","98,1",""
2023/01/04 16:22:00,"17,63","98,1",""
2023/01/04 16:32:00,"17,63","97,9",""
2023/01/04 16:42:00,"17,69","98,2",""
2023/01/04 16:52:00,"17,69","98,1",""
2023/01/04 17:02:00,"17,75","97,8",""
2023/01/04 17:12:00,"17,81","98,3",""
2023/01/04 17:22:00,"17,88","98,4",""
2023/01/04 17:32:00,"16,81","83,6",""
2023/01/04 17:42:00,"14,56","76,4",""
2023/01/04 17:52:00,"13,50","89,5",""
2023/01/04 18:02:00,"14,56","93,7",""
2023/01/04 18:12:00,"15,31","95,1",""
2023/01/04 18:22:00,"15,88","95,4",""
2023/01/04 18:32:00,"16,19","95,9",""
2023/01/04 18:42:00,"16,44","96,0",""
2023/01/04 18:52:00,"16,63","96,3",""
2023/01/04 19:02:00,"16,81","96,7",""
2023/01/04 19:12:00,"16,88","96,6",""
2023/01/04 19:22:00,"17,00","96,9",""
2023/01/04 19:32:00,"17,13","97,3",""
2023/01/04 19:42:00,"17,25","97,4",""
2023/01/04 19:52:00,"17,31","97,6",""
2023/01/04 20:02:00,"17,38","97,4",""
2023/01/04 20:12:00,"14,69","77,4",""
2023/01/04 20:22:00,"13,69","87,1",""
2023/01/04 20:32:00,"13,69","85,9",""
2023/01/04 20:42:00,"14,06","90,5",""
2023/01/04 20:52:00,"14,81","92,4",""
2023/01/04 21:02:00,"15,31","93,8",""
2023/01/04 21:12:00,"15,69","94,0",""
2023/01/04 21:22:00,"15,94","94,4",""
2023/01/04 21:32:00,"16,13","94,7",""
2023/01/04 21:42:00,"16,31","95,2",""
2023/01/04 21:52:00,"16,44","95,0",""
2023/01/04 22:02:00,"16,56","95,6",""
2023/01/04 22:12:00,"16,69","95,8",""
2023/01/04 22:22:00,"16,75","95,9",""
2023/01/04 22:32:00,"16,88","96,0",""
2023/01/04 22:42:00,"16,94","96,0",""
2023/01/04 22:52:00,"17,06","96,6",""
2023/01/04 23:02:00,"17,13","96,4",""
2023/01/04 23:12:00,"17,19","96,9",""
2023/01/04 23:22:00,"17,25","96,9",""
2023/01/04 23:32:00,"17,38","97,1",""
2023/01/04 23:42:00,"17,44","97,1",""
2023/01/04 23:52:00,"17,50","97,3",""
2023/01/05 00:02:00,"17,56","97,1",""
2023/01/05 00:12:00,"17,63","97,3",""
2023/01/05 00:22:00,"17,63","97,2",""
2023/01/05 00:32:00,"17,69","97,3",""
2023/01/05 00:42:00,"17,75","97,4",""
2023/01/05 00:52:00,"17,81","97,4",""
2023/01/05 01:02:00,"17,81","97,3",""
2023/01/05 01:12:00,"17,94","97,8",""
2023/01/05 01:22:00,"17,94","97,9",""
2023/01/05 01:32:00,"18,00","97,9",""
2023/01/05 01:42:00,"18,00","97,9",""
2023/01/05 01:52:00,"18,06","98,0",""
2023/01/05 02:02:00,"18,13","98,3",""
2023/01/05 02:12:00,"18,13","98,1",""
2023/01/05 02:22:00,"18,19","98,1",""
2023/01/05 02:32:00,"18,25","98,4",""
2023/01/05 02:42:00,"18,25","98,3",""
2023/01/05 02:52:00,"18,31","98,3",""
2023/01/05 03:02:00,"18,38","98,1",""
2023/01/05 03:12:00,"18,38","98,1",""
2023/01/05 03:22:00,"18,38","98,3",""
2023/01/05 03:32:00,"18,44","98,4",""
2023/01/05 03:42:00,"18,50","98,3",""
2023/01/05 03:52:00,"18,56","98,5",""
2023/01/05 04:02:00,"18,56","98,4",""
2023/01/05 04:12:00,"18,56","98,4",""
2023/01/05 04:22:00,"18,63","98,6",""
2023/01/05 04:32:00,"18,63","98,4",""
2023/01/05 04:42:00,"18,69","98,6",""
2023/01/05 04:52:00,"18,75","98,5",""
2023/01/05 05:02:00,"18,75","98,9",""
2023/01/05 05:12:00,"18,81","98,8",""
2023/01/05 05:22:00,"18,81","98,9",""
2023/01/05 05:32:00,"18,88","98,9",""
2023/01/05 05:42:00,"18,88","98,8",""
2023/01/05 05:52:00,"18,88","98,9",""
2023/01/05 06:02:00,"18,94","98,9",""
2023/01/05 06:12:00,"18,94","98,9",""
2023/01/05 06:22:00,"19,00","99,0",""
2023/01/05 06:32:00,"19,00","99,1",""
2023/01/05 06:42:00,"19,00","98,9",""
2023/01/05 06:52:00,"19,06","99,0",""
2023/01/05 07:02:00,"19,06","99,0",""
2023/01/05 07:12:00,"19,13","99,0",""
2023/01/05 07:22:00,"19,13","99,1",""
2023/01/05 07:32:00,"19,19","99,1",""
2023/01/05 07:42:00,"19,19","99,0",""
2023/01/05 07:52:00,"19,25","99,1",""
2023/01/05 08:02:00,"19,25","99,2",""
2023/01/05 08:12:00,"19,25","99,0",""
2023/01/05 08:22:00,"19,31","99,2",""
2023/01/05 08:32:00,"19,31","99,2",""
2023/01/05 08:42:00,"19,38","99,3",""
2023/01/05 08:52:00,"19,38","99,1",""
2023/01/05 09:02:00,"19,38","99,2",""
2023/01/05 09:12:00,"19,44","99,1",""
2023/01/05 09:22:00,"19,44","99,1",""
2023/01/05 09:32:00,"19,44","99,1",""
2023/01/05 09:42:00,"19,50","99,1",""
2023/01/05 09:52:00,"19,50","99,2",""
2023/01/05 10:02:00,"19,50","99,1",""
2023/01/05 10:12:00,"19,56","99,3",""
2023/01/05 10:22:00,"19,56","99,4",""
2023/01/05 10:32:00,"19,63","99,5",""
2023/01/05 10:42:00,"19,63","99,7",""
2023/01/05 10:52:00,"19,69","99,4",""
2023/01/05 11:02:00,"19,75","99,6",""
2023/01/05 11:12:00,"19,75","99,5",""
2023/01/05 11:22:00,"19,75","99,4",""
2023/01/05 11:32:00,"19,81","99,4",""
2023/01/05 11:42:00,"19,75","95,0",""
2023/01/05 11:52:00,"16,56","78,4",""
2023/01/05 12:02:00,"15,06","80,4",""
2023/01/05 12:12:00,"14,25","80,8",""
2023/01/05 12:22:00,"13,94","78,2",""
2023/01/05 12:32:00,"13,81","82,2",""
2023/01/05 12:42:00,"13,88","80,0",""
2023/01/05 12:52:00,"13,81","80,8",""
2023/01/05 13:02:00,"14,31","86,8",""
2023/01/05 13:12:00,"15,25","90,3",""
2023/01/05 13:22:00,"15,88","91,6",""
2023/01/05 13:32:00,"16,31","93,1",""
2023/01/05 13:42:00,"16,63","93,6",""
2023/01/05 13:52:00,"16,94","94,5",""
2023/01/05 14:02:00,"17,19","95,1",""
2023/01/05 14:12:00,"17,31","95,6",""
2023/01/05 14:22:00,"17,50","95,8",""
2023/01/05 14:32:00,"17,69","96,2",""
2023/01/05 14:42:00,"17,81","96,4",""
2023/01/05 14:52:00,"18,00","96,9",""
2023/01/05 15:02:00,"18,13","96,8",""
2023/01/05 15:12:00,"18,25","97,0",""
2023/01/05 15:22:00,"18,31","97,3",""
2023/01/05 15:32:00,"18,44","97,3",""
2023/01/05 15:42:00,"18,50","97,4",""
2023/01/05 15:52:00,"18,63","97,4",""
2023/01/05 16:02:00,"18,63","97,6",""
2023/01/05 16:12:00,"18,75","97,9",""
2023/01/05 16:22:00,"18,81","98,1",""
2023/01/05 16:32:00,"18,88","98,0",""
2023/01/05 16:42:00,"18,94","98,2",""
2023/01/05 16:52:00,"18,63","84,5",""
2023/01/05 17:02:00,"16,69","84,3",""
2023/01/05 17:12:00,"15,31","84,7",""
2023/01/05 17:22:00,"15,19","89,6",""
2023/01/05 17:32:00,"16,13","92,6",""
2023/01/05 17:42:00,"16,81","93,8",""
2023/01/05 17:52:00,"17,25","94,7",""
2023/01/05 18:02:00,"17,50","94,6",""
2023/01/05 18:12:00,"17,69","94,1",""
2023/01/05 18:22:00,"17,81","93,9",""
2023/01/05 18:32:00,"17,94","93,9",""
2023/01/05 18:42:00,"17,94","94,0",""
2023/01/05 18:52:00,"18,00","94,0",""
2023/01/05 19:02:00,"18,06","94,4",""
2023/01/05 19:12:00,"18,13","94,0",""
2023/01/05 19:22:00,"18,13","93,6",""
2023/01/05 19:32:00,"18,13","85,7",""
2023/01/05 19:42:00,"15,13","78,8",""
2023/01/05 19:52:00,"13,63","78,6",""
2023/01/05 20:02:00,"13,75","87,5",""
2023/01/05 20:12:00,"15,06","90,2",""
2023/01/05 20:22:00,"15,94","91,6",""
2023/01/05 20:32:00,"16,50","92,6",""
2023/01/05 20:42:00,"16,88","93,2",""
2023/01/05 20:52:00,"17,19","93,9",""
2023/01/05 21:02:00,"17,44","94,3",""
2023/01/05 21:12:00,"17,63","94,6",""
2023/01/05 21:22:00,"17,75","94,9",""
2023/01/05 21:32:00,"17,94","95,6",""
2023/01/05 21:42:00,"18,06","95,6",""
2023/01/05 21:52:00,"18,19","95,8",""
2023/01/05 22:02:00,"18,31","95,9",""
2023/01/05 22:12:00,"18,38","96,1",""
2023/01/05 22:22:00,"18,50","96,3",""
2023/01/05 22:32:00,"18,63","96,3",""
2023/01/05 22:42:00,"18,69","96,4",""
2023/01/05 22:52:00,"18,75","96,9",""
2023/01/05 23:02:00,"18,88","97,1",""
2023/01/05 23:12:00,"18,88","97,1",""
2023/01/05 23:22:00,"19,00","97,4",""
2023/01/05 23:32:00,"19,06","97,1",""
2023/01/05 23:42:00,"19,13","97,3",""
2023/01/05 23:52:00,"19,13","97,3",""
2023/01/06 00:02:00,"19,25","97,4",""
2023/01/06 00:12:00,"19,25","97,6",""
2023/01/06 00:22:00,"19,38","97,6",""
2023/01/06 00:32:00,"19,38","97,6",""
2023/01/06 00:42:00,"19,44","97,6",""
2023/01/06 00:52:00,"19,50","97,8",""
2023/01/06 01:02:00,"19,56","97,7",""
2023/01/06 01:12:00,"19,56","98,2",""
2023/01/06 01:22:00,"19,63","98,1",""
2023/01/06 01:32:00,"19,69","98,1",""
2023/01/06 01:42:00,"19,75","98,1",""
2023/01/06 01:52:00,"19,75","98,2",""
2023/01/06 02:02:00,"19,81","98,4",""
2023/01/06 02:12:00,"19,81","98,2",""
2023/01/06 02:22:00,"19,88","98,5",""
2023/01/06 02:32:00,"19,94","98,4",""
2023/01/06 02:42:00,"20,00","98,3",""
2023/01/06 02:52:00,"20,00","98,5",""
2023/01/06 03:02:00,"20,06","98,4",""
2023/01/06 03:12:00,"20,06","98,4",""
2023/01/06 03:22:00,"20,13","98,4",""
2023/01/06 03:32:00,"20,13","98,4",""
2023/01/06 03:42:00,"20,19","98,4",""
2023/01/06 03:52:00,"20,19","98,3",""
2023/01/06 04:02:00,"20,25","98,5",""
2023/01/06 04:12:00,"20,31","98,6",""
2023/01/06 04:22:00,"20,38","98,6",""
2023/01/06 04:32:00,"20,38","98,4",""
2023/01/06 04:42:00,"20,38","98,5",""
2023/01/06 04:52:00,"20,44","98,6",""
2023/01/06 05:02:00,"20,44","98,9",""
2023/01/06 05:12:00,"20,50","98,9",""
2023/01/06 05:22:00,"20,56","99,0",""
2023/01/06 05:32:00,"20,56","98,9",""
2023/01/06 05:42:00,"20,56","99,0",""
2023/01/06 05:52:00,"20,63","99,2",""
2023/01/06 06:02:00,"20,63","99,0",""
2023/01/06 06:12:00,"20,69","99,1",""
2023/01/06 06:22:00,"20,69","99,1",""
2023/01/06 06:32:00,"20,69","99,1",""
2023/01/06 06:42:00,"20,75","99,0",""
2023/01/06 06:52:00,"20,75","99,0",""
2023/01/06 07:02:00,"20,81","99,0",""
2023/01/06 07:12:00,"20,81","99,1",""
2023/01/06 07:22:00,"20,88","99,2",""
2023/01/06 07:32:00,"20,88","99,1",""
2023/01/06 07:42:00,"20,94","99,2",""
2023/01/06 07:52:00,"20,94","99,2",""
2023/01/06 08:02:00,"20,94","99,1",""
2023/01/06 08:12:00,"21,00","99,1",""
2023/01/06 08:22:00,"21,00","99,1",""
2023/01/06 08:32:00,"21,06","99,2",""
2023/01/06 08:42:00,"21,06","99,2",""
2023/01/06 08:52:00,"21,13","99,1",""
2023/01/06 09:02:00,"21,19","99,3",""
2023/01/06 09:12:00,"21,19","99,2",""
2023/01/06 09:22:00,"21,19","99,1",""
2023/01/06 09:32:00,"21,25","99,1",""
2023/01/06 09:42:00,"20,94","88,7",""
2023/01/06 09:52:00,"18,50","83,6",""
2023/01/06 10:02:00,"17,19","83,1",""
2023/01/06 10:12:00,"17,13","92,9",""
2023/01/06 10:22:00,"18,13","95,6",""
2023/01/06 10:32:00,"18,81","96,3",""
2023/01/06 10:42:00,"19,19","96,4",""
2023/01/06 10:52:00,"19,50","96,4",""
2023/01/06 11:02:00,"19,69","96,8",""
2023/01/06 11:12:00,"19,88","97,3",""
2023/01/06 11:22:00,"20,06","97,1",""
2023/01/06 11:32:00,"20,13","97,4",""
2023/01/06 11:42:00,"20,25","97,3",""
2023/01/06 11:52:00,"20,31","97,4",""
2023/01/06 12:02:00,"20,38","97,4",""
2023/01/06 12:12:00,"20,44","97,4",""
2023/01/06 12:22:00,"20,50","97,8",""
2023/01/06 12:32:00,"20,56","97,7",""
2023/01/06 12:42:00,"20,63","97,9",""
2023/01/06 12:52:00,"20,69","97,9",""
2023/01/06 13:02:00,"20,69","97,8",""
2023/01/06 13:12:00,"20,75","98,1",""
2023/01/06 13:22:00,"20,75","97,9",""
2023/01/06 13:32:00,"18,88","78,5",""
2023/01/06 13:42:00,"15,69","73,9",""
2023/01/06 13:52:00,"14,31","78,5",""
2023/01/06 14:02:00,"14,00","77,5",""
2023/01/06 14:12:00,"13,81","78,4",""
2023/01/06 14:22:00,"13,69","78,0",""
2023/01/06 14:32:00,"13,38","79,8",""
2023/01/06 14:42:00,"14,75","87,1",""
2023/01/06 14:52:00,"15,94","89,1",""
2023/01/06 15:02:00,"16,75","90,1",""
2023/01/06 15:12:00,"17,25","91,2",""
2023/01/06 15:22:00,"17,63","91,7",""
2023/01/06 15:32:00,"17,94","92,1",""
2023/01/06 15:42:00,"18,19","92,8",""
2023/01/06 15:52:00,"18,38","93,1",""
2023/01/06 16:02:00,"18,56","93,3",""
2023/01/06 16:12:00,"18,75","93,9",""
2023/01/06 16:22:00,"18,88","94,4",""
2023/01/06 16:32:00,"19,06","94,6",""
2023/01/06 16:42:00,"19,19","94,6",""
2023/01/06 16:52:00,"19,38","94,8",""
2023/01/06 17:02:00,"19,44","94,9",""
2023/01/06 17:12:00,"19,56","95,2",""
2023/01/06 17:22:00,"19,69","95,5",""
2023/01/06 17:32:00,"19,75","95,9",""
2023/01/06 17:42:00,"19,81","95,9",""
2023/01/06 17:52:00,"19,94","96,1",""
2023/01/06 18:02:00,"20,00","96,3",""
2023/01/06 18:12:00,"20,13","96,1",""
2023/01/06 18:22:00,"20,19","96,4",""
2023/01/06 18:32:00,"20,31","96,6",""
2023/01/06 18:42:00,"20,31","96,5",""
2023/01/06 18:52:00,"20,44","96,6",""
2023/01/06 19:02:00,"20,50","97,2",""
2023/01/06 19:12:00,"20,56","97,0",""
2023/01/06 19:22:00,"20,63","97,1",""
2023/01/06 19:32:00,"20,69","97,1",""
2023/01/06 19:42:00,"20,69","97,3",""
2023/01/06 19:52:00,"20,75","97,3",""
2023/01/06 20:02:00,"20,88","97,1",""
2023/01/06 20:12:00,"20,88","97,4",""
2023/01/06 20:22:00,"20,94","97,3",""
2023/01/06 20:32:00,"18,44","77,5",""
2023/01/06 20:42:00,"16,31","76,9",""
2023/01/06 20:52:00,"15,06","76,8",""
2023/01/06 21:02:00,"14,94","77,2",""
2023/01/06 21:12:00,"15,75","86,8",""
2023/01/06 21:22:00,"17,00","89,2",""
2023/01/06 21:32:00,"17,81","90,6",""
2023/01/06 21:42:00,"18,38","91,7",""
2023/01/06 21:52:00,"18,75","92,8",""
2023/01/06 22:02:00,"19,06","93,1",""
2023/01/06 22:12:00,"19,25","93,1",""
2023/01/06 22:22:00,"19,44","93,6",""
2023/01/06 22:32:00,"19,63","94,0",""
2023/01/06 22:42:00,"19,81","94,4",""
2023/01/06 22:52:00,"19,94","94,8",""
2023/01/06 23:02:00,"20,06","94,9",""
2023/01/06 23:12:00,"20,13","95,1",""
2023/01/06 23:22:00,"20,31","95,2",""
2023/01/06 23:32:00,"20,38","95,3",""
2023/01/06 23:42:00,"20,50","95,8",""
2023/01/06 23:52:00,"20,56","95,8",""
2023/01/07 00:02:00,"20,69","96,0",""
2023/01/07 00:12:00,"20,75","96,1",""
2023/01/07 00:22:00,"20,81","96,4",""
2023/01/07 00:32:00,"20,94","96,3",""
2023/01/07 00:42:00,"20,94","96,3",""
2023/01/07 00:52:00,"21,00","96,4",""
2023/01/07 01:02:00,"21,06","96,4",""
2023/01/07 01:12:00,"21,19","96,5",""
2023/01/07 01:22:00,"21,19","96,3",""
2023/01/07 01:32:00,"21,25","96,4",""
2023/01/07 01:42:00,"21,31","96,9",""
2023/01/07 01:52:00,"21,38","97,0",""
2023/01/07 02:02:00,"21,44","96,9",""
2023/01/07 02:12:00,"21,50","97,3",""
2023/01/07 02:22:00,"21,56","97,1",""
2023/01/07 02:32:00,"21,63","97,1",""
2023/01/07 02:42:00,"21,63","97,1",""
2023/01/07 02:52:00,"21,69","97,1",""
2023/01/07 03:02:00,"21,75","97,3",""
2023/01/07 03:12:00,"21,81","97,3",""
2023/01/07 03:22:00,"21,88","97,3",""
2023/01/07 03:32:00,"21,88","97,4",""
2023/01/07 03:42:00,"21,94","97,3",""
2023/01/07 03:52:00,"22,00","97,2",""
2023/01/07 04:02:00,"22,06","97,5",""
2023/01/07 04:12:00,"22,06","97,4",""
2023/01/07 04:22:00,"22,13","97,4",""
2023/01/07 04:32:00,"22,13","97,4",""
2023/01/07 04:42:00,"22,19","97,8",""
2023/01/07 04:52:00,"22,25","97,9",""
2023/01/07 05:02:00,"22,31","97,9",""
2023/01/07 05:12:00,"22,31","97,9",""
2023/01/07 05:22:00,"22,38","97,8",""
2023/01/07 05:32:00,"22,38","97,9",""
2023/01/07 05:42:00,"22,44","97,9",""
2023/01/07 05:52:00,"22,50","97,9",""
2023/01/07 06:02:00,"22,50","97,9",""
2023/01/07 06:12:00,"22,50","97,8",""
2023/01/07 06:22:00,"22,56","98,0",""
2023/01/07 06:32:00,"22,63","98,0",""
2023/01/07 06:42:00,"22,63","97,9",""
2023/01/07 06:52:00,"22,69","98,0",""
2023/01/07 07:02:00,"22,75","98,1",""
2023/01/07 07:12:00,"22,75","97,9",""
2023/01/07 07:22:00,"22,81","98,0",""
2023/01/07 07:32:00,"22,81","98,1",""
2023/01/07 07:42:00,"22,88","98,0",""
2023/01/07 07:52:00,"22,88","97,9",""
2023/01/07 08:02:00,"22,94","97,9",""
2023/01/07 08:12:00,"23,00","98,1",""
2023/01/07 08:22:00,"23,00","98,0",""
2023/01/07 08:32:00,"23,00","98,4",""
2023/01/07 08:42:00,"23,06","98,4",""
2023/01/07 08:52:00,"23,06","98,4",""
2023/01/07 09:02:00,"23,13","98,5",""
2023/01/07 09:12:00,"23,19","98,5",""
2023/01/07 09:22:00,"23,19","98,4",""
2023/01/07 09:32:00,"23,25","98,4",""
2023/01/07 09:42:00,"23,25","98,3",""
2023/01/07 09:52:00,"23,31","98,3",""
2023/01/07 10:02:00,"23,31","98,5",""
2023/01/07 10:12:00,"23,38","98,5",""
2023/01/07 10:22:00,"23,44","98,5",""
2023/01/07 10:32:00,"23,44","98,5",""
2023/01/07 10:42:00,"22,69","80,1",""
2023/01/07 10:52:00,"16,56","64,1",""
2023/01/07 11:02:00,"13,94","65,9",""
2023/01/07 11:12:00,"13,06","66,3",""
2023/01/07 11:22:00,"12,69","67,9",""
2023/01/07 11:32:00,"12,56","75,6",""
2023/01/07 11:42:00,"12,50","69,7",""
